"study_id","cv_type","mean_cv_studylevel","sd_cv_studylevel","species_studyid","range_source","mean_cv_sppspecific","sd_cv_sppspecific"
"A102_P5","map_gVelEle",0.645639869901869,0.124387010036139,"Abies kawakamii_A102_P5","GIFT",0.626467622816563,0.117905302151613
"A102_P5","map_gVelLat",0.000671162464035054,0.00275948651998875,"Abies kawakamii_A102_P5","GIFT",0.000573768105823547,0.00293343190622407
"A102_P5","mat_gVelEle",3.33311483595106,0.0318259246763931,"Abies kawakamii_A102_P5","GIFT",3.32884964346886,0.0311523937042222
"A102_P5","mat_gVelLat",-0.01270157771392,0.00312965685911498,"Abies kawakamii_A102_P5","GIFT",-0.0128843135898933,0.00329401543104998
