"study_id","cv_type","mean_cv_studylevel","sd_cv_studylevel","species_studyid","range_source","mean_cv_sppspecific","sd_cv_sppspecific","p10_cv_sppspecific","p90_cv_sppspecific"
"A66_P1","map_1km_gVelLat",-0.000783293783302709,0.0111881845338349,"Fagus sylvatica_A66_P1","IUCN",-0.000548724339040142,0.0113345296536307,-0.0124696373939514,0.0132011106237769
"A66_P1","map_1km_gVelLat",-0.000783293783302709,0.0111881845338349,"Fagus sylvatica_A66_P1","GBIF occurrence",-0.000805068586924949,0.0110720025033531,-0.0123174368403852,0.0125758143141866
"A66_P1","map_1km_gVelLat",-0.000783293783302709,0.0111881845338349,"Pinus sylvestris_A66_P1","GBIF occurrence",-0.000805068586924949,0.0110720025033531,-0.0123174368403852,0.0125758143141866
"A66_P1","mat_1km_gVelLat",0.0105179855822896,0.0501794704897614,"Fagus sylvatica_A66_P1","IUCN",0.00749778701670262,0.0484207181390293,-0.0493541978299618,0.0651752546429634
"A66_P1","mat_1km_gVelLat",0.0105179855822896,0.0501794704897614,"Fagus sylvatica_A66_P1","GBIF occurrence",0.0106753706005559,0.0502289316588334,-0.0486112050712109,0.0726415112614632
"A66_P1","mat_1km_gVelLat",0.0105179855822896,0.0501794704897614,"Pinus sylvestris_A66_P1","GBIF occurrence",0.0106753706005559,0.0502289316588334,-0.0486112050712109,0.0726415112614632
"A66_P1","mat_gVelEle_1km",80.9212117970042,99.6773045345669,"Fagus sylvatica_A66_P1","IUCN",80.7235515851335,99.1844403840077,-2.84793066978455,242.804023742676
"A66_P1","mat_gVelEle_1km",80.9212117970042,99.6773045345669,"Fagus sylvatica_A66_P1","GBIF occurrence",81.0354210265036,99.7558238556498,-2.71928050518036,246.023240661621
"A66_P1","mat_gVelEle_1km",80.9212117970042,99.6773045345669,"Pinus sylvestris_A66_P1","GBIF occurrence",81.0354210265036,99.7558238556498,-2.71928050518036,246.023240661621
