"study_id","cv_type","mean_cv_studylevel","sd_cv_studylevel","species_studyid","range_source","mean_cv_sppspecific","sd_cv_sppspecific","p10_cv_sppspecific","p90_cv_sppspecific"
"A80_P1","map_1km_gVelLat",-0.000339358770329884,0.00483574223496678,"Viscum album_A80_P1","GBIF occurrence",-0.000342319959262906,0.00482526410336985,-0.00555580034852028,0.00494242864660919
"A80_P1","map_25km_gVelLat",-0.0254320476475793,0.0173633852540537,"Viscum album_A80_P1","GBIF occurrence",-0.0254320476475793,0.0173633852540537,-0.045555367693305,0.000155381974764172
"A80_P1","mat_1km_gVelLat",-0.000305678031634945,0.0037542243484489,"Viscum album_A80_P1","GBIF occurrence",-0.000300791954425074,0.00375207775830381,-0.00449167466722429,0.00417254939675331
"A80_P1","mat_25km_gVelLat",-0.0490652723625923,0.0347475948908431,"Viscum album_A80_P1","GBIF occurrence",-0.0490652723625923,0.0347475948908431,-0.0812150120735168,0.00200573247857393
"A80_P1","mat_gVelEle_1km",93.3068500128006,108.614877055357,"Viscum album_A80_P1","GBIF occurrence",93.14146266498,108.690320369208,0.970313906669617,269.80126953125
