"study_id","cv_type","mean_cv_studylevel","sd_cv_studylevel","species_studyid","range_source","mean_cv_sppspecific","sd_cv_sppspecific"
"A212_P1","map_25km_gVelLat",0.0605077507150081,1.9736575837063,"Mausoleopsis amabilis_A212_P1","GBIF occurrence",0.208303539810171,1.79892103611255
"A212_P1","map_gVelEle",2.4802866798858,5.49742705878154,"Mausoleopsis amabilis_A212_P1","GBIF occurrence",1.7537279481536,5.01229160645456
"A212_P1","map_gVelLat",-0.00053069400283545,0.278476851759533,"Mausoleopsis amabilis_A212_P1","GBIF occurrence",0.000309121970697168,0.221157675255274
"A212_P1","mat_25km_gVelLat",0.381788476391367,1.05763632262121,"Mausoleopsis amabilis_A212_P1","GBIF occurrence",0.372760112824706,1.1093004283076
"A212_P1","mat_gVelEle",4.18197470421629,1.7495092592009,"Mausoleopsis amabilis_A212_P1","GBIF occurrence",4.69752666537126,1.77505202946009
"A212_P1","mat_gVelLat",0.0762714621788372,0.44087012450868,"Mausoleopsis amabilis_A212_P1","GBIF occurrence",0.0554022678082987,0.435226918030872
