"study_id","cv_type","mean_cv_studylevel","sd_cv_studylevel","species_studyid","range_source","mean_cv_sppspecific","sd_cv_sppspecific"
"A174_P1","map_gVelEle",0.0214435187009814,0.807720937202099,"Urocitellus beldingi_A174_P1","IUCN",-0.0101567042281752,0.750712599013511
"A174_P1","map_gVelLat",0.000264813283380288,0.00527494301827027,"Urocitellus beldingi_A174_P1","IUCN",0.000184175255806743,0.00559576931214465
"A174_P1","mat_gVelEle",1.33337135050616,0.467327678111418,"Urocitellus beldingi_A174_P1","IUCN",1.32074277050281,0.521439469122612
"A174_P1","mat_gVelLat",0.00336459381773127,0.0267269030559437,"Urocitellus beldingi_A174_P1","IUCN",0.00339355923747539,0.0301148974801493
