"study_id","cv_type","mean_cv_studylevel","sd_cv_studylevel","species_studyid","range_source","mean_cv_sppspecific","sd_cv_sppspecific"
"A89_P1","map_gVelEle",5.13941968019519,3.06665199877816,"Acer spicatum_A89_P1","BIEN",5.18921919465065,3.09495410764794
"A89_P1","map_gVelEle",5.13941968019519,3.06665199877816,"Dryopteris intermedia_A89_P1","BIEN",5.18921919465065,3.09495410764794
"A89_P1","map_gVelLat",-0.0012248941467468,0.0334083198483739,"Acer spicatum_A89_P1","BIEN",0.00129110242298341,0.0321844436193072
"A89_P1","map_gVelLat",-0.0012248941467468,0.0334083198483739,"Dryopteris intermedia_A89_P1","BIEN",0.00129110242298341,0.0321844436193072
"A89_P1","mat_gVelEle",4.79653158783913,0.0592772409209294,"Acer spicatum_A89_P1","BIEN",4.79902669906616,0.0582947402671703
"A89_P1","mat_gVelEle",4.79653158783913,0.0592772409209294,"Dryopteris intermedia_A89_P1","BIEN",4.79902669906616,0.0582947402671703
"A89_P1","mat_gVelLat",-0.00478478372711572,0.0327211578042935,"Acer spicatum_A89_P1","BIEN",-0.00778082593380532,0.0311187103173688
"A89_P1","mat_gVelLat",-0.00478478372711572,0.0327211578042935,"Dryopteris intermedia_A89_P1","BIEN",-0.00778082593380532,0.0311187103173688
