"study_id","cv_type","mean_cv_studylevel","sd_cv_studylevel","species_studyid","range_source","mean_cv_sppspecific","sd_cv_sppspecific"
"A256_P3","map_25km_gVelLat",-0.449935434370582,1.17133438079294,"Martes zibellina_A256_P3","IUCN",-0.440541728009888,1.05558808806999
"A256_P3","map_gVelEle",-1.55958739068129,1.01901017127791,"Martes zibellina_A256_P3","IUCN",-1.69335486234432,1.05109876614076
"A256_P3","map_gVelLat",0.0046553399099454,0.199213298793663,"Martes zibellina_A256_P3","IUCN",0.0018603590658543,0.108307795321009
"A256_P3","mat_25km_gVelLat",0.773007807321846,1.67974762757818,"Martes zibellina_A256_P3","IUCN",0.177167585882497,1.12178073650794
"A256_P3","mat_gVelEle",5.17334269416971,1.10178742626392,"Martes zibellina_A256_P3","IUCN",5.47744904321115,0.597370407408715
"A256_P3","mat_gVelLat",0.424499677263679,1.15495075729349,"Martes zibellina_A256_P3","IUCN",0.0718183020664032,0.596302036439657
