"study_id","cv_type","mean_cv_studylevel","sd_cv_studylevel","species_studyid","range_source","mean_cv_sppspecific","sd_cv_sppspecific","p10_cv_sppspecific","p90_cv_sppspecific"
"A102_P4","map_1km_gVelLat",0.0109798167314794,0.0656788996487438,"Abies kawakamii_A102_P4","GIFT",0.00917389430105686,0.0699744088457441,-0.0770590465515852,0.0686723358929157
"A102_P4","map_gVelEle_1km",51.7553770807054,67.1729637169116,"Abies kawakamii_A102_P4","GIFT",51.6444630026817,67.2901803525428,-14.2589325904846,120.682846069336
"A102_P4","mat_1km_gVelLat",-0.00553672163126369,0.00135663891717469,"Abies kawakamii_A102_P4","GIFT",-0.005618149851216,0.00142660201940596,-0.00707351006567478,-0.00367751626763493
"A102_P4","mat_gVelEle_1km",51.7553770807054,67.1729637169116,"Abies kawakamii_A102_P4","GIFT",51.6444630026817,67.2901803525428,-14.2589325904846,120.682846069336
