"study_id","cv_type","mean_cv_studylevel","sd_cv_studylevel","species_studyid","range_source","mean_cv_sppspecific","sd_cv_sppspecific"
"A208_P1","map_gVelEle",-0.493500009378965,0.262448869195412,"Pinus sylvestris_A208_P1","GBIF occurrence",-0.494678228920247,0.262418579506639
"A208_P1","map_gVelEle",-0.493500009378965,0.262448869195412,"Quercus pyrenaica_A208_P1","GIFT",-0.494678228920247,0.262418579506639
"A208_P1","map_gVelLat",0.000923559564877466,0.00596302034467259,"Pinus sylvestris_A208_P1","GBIF occurrence",0.000920420798868816,0.00589969459456783
"A208_P1","map_gVelLat",0.000923559564877466,0.00596302034467259,"Quercus pyrenaica_A208_P1","GIFT",0.000920420798868816,0.00589969459456783
"A208_P1","mat_gVelEle",5.2550195604776,0.214208388261252,"Pinus sylvestris_A208_P1","GBIF occurrence",5.25569780076957,0.212817326294488
"A208_P1","mat_gVelEle",5.2550195604776,0.214208388261252,"Quercus pyrenaica_A208_P1","GIFT",5.25569780076957,0.212817326294488
"A208_P1","mat_gVelLat",0.0431196615109169,0.0815908727948822,"Pinus sylvestris_A208_P1","GBIF occurrence",0.0433265581749065,0.0806333228255229
"A208_P1","mat_gVelLat",0.0431196615109169,0.0815908727948822,"Quercus pyrenaica_A208_P1","GIFT",0.0433265581749065,0.0806333228255229
