"study_id","cv_type","mean_cv_studylevel","sd_cv_studylevel","species_studyid","range_source","mean_cv_sppspecific","sd_cv_sppspecific"
"A184_P1","map_gVelEle",1.98852758186053,0.778737701238771,"Fagus sylvatica_A184_P1","IUCN",2.12872581678101,0.749583835818966
"A184_P1","map_gVelEle",1.98852758186053,0.778737701238771,"Fagus sylvatica_A184_P1","GBIF occurrence",2.00552962955676,0.766422552831934
"A184_P1","map_gVelLat",-0.00342348869921208,0.0103439768585005,"Fagus sylvatica_A184_P1","IUCN",-0.00243255808858566,0.0104767950440845
"A184_P1","map_gVelLat",-0.00342348869921208,0.0103439768585005,"Fagus sylvatica_A184_P1","GBIF occurrence",-0.00337262668623122,0.0101793282448001
"A184_P1","mat_gVelEle",2.14002724959787,0.022099274371674,"Fagus sylvatica_A184_P1","IUCN",2.13976444171954,0.0197361047705455
"A184_P1","mat_gVelEle",2.14002724959787,0.022099274371674,"Fagus sylvatica_A184_P1","GBIF occurrence",2.14021392223407,0.0215139398220652
"A184_P1","mat_gVelLat",0.00331210664857745,0.0118104224274383,"Fagus sylvatica_A184_P1","IUCN",0.00133752086965358,0.0110766568124057
"A184_P1","mat_gVelLat",0.00331210664857745,0.0118104224274383,"Fagus sylvatica_A184_P1","GBIF occurrence",0.00306976364530192,0.0114969394848603
