"study_id","cv_type","mean_cv_studylevel","sd_cv_studylevel","species_studyid","range_source","mean_cv_sppspecific","sd_cv_sppspecific"
"A193_P1","map_gVelEle",3.23370722459396,1.46172780700116,"Larix sibirica_A193_P1","GIFT",3.23653612377421,1.45990881614786
"A193_P1","map_gVelLat",-0.000799224416920028,0.0214105174285251,"Larix sibirica_A193_P1","GIFT",-0.000821059829689214,0.0213094688788444
"A193_P1","mat_gVelEle",0.316451333352572,0.0189636694769522,"Larix sibirica_A193_P1","GIFT",0.316437404599488,0.0188871033410025
"A193_P1","mat_gVelLat",0.0010731171907571,0.00347358895468573,"Larix sibirica_A193_P1","GIFT",0.00106919488517307,0.00344919601769957
