"study_id","cv_type","mean_cv_studylevel","sd_cv_studylevel","species_studyid","range_source","mean_cv_sppspecific","sd_cv_sppspecific","p10_cv_sppspecific","p90_cv_sppspecific"
"A206_P1","map_1km_gVelLat",0.00668641157067225,0.170964004844264,"Betula ermanii_A206_P1","GIFT",0.00614616622560719,0.170879265832459,-0.175405213236809,0.198285853862762
"A206_P1","map_25km_gVelLat",0.673845708370209,0.0965501967588064,"Betula ermanii_A206_P1","GIFT",0.689306035637856,0.104095032850119,0.596655666828156,0.780857211351395
"A206_P1","map_gVelEle_1km",107.676507013714,117.739281688034,"Betula ermanii_A206_P1","GIFT",107.782497036609,118.416357882488,4.01328210830689,289.355316162109
"A206_P1","mat_1km_gVelLat",-0.168597196761021,0.254657724944212,"Betula ermanii_A206_P1","GIFT",-0.169216889807832,0.254053981210116,-0.58404129743576,0.0944417640566826
"A206_P1","mat_25km_gVelLat",-0.695728039741516,0.125265302349168,"Betula ermanii_A206_P1","GIFT",-0.658955842256546,0.109120260466822,-0.76656591296196,-0.569116204977036
"A206_P1","mat_gVelEle_1km",107.676507013714,117.739281688034,"Betula ermanii_A206_P1","GIFT",107.782497036609,118.416357882488,4.01328210830689,289.355316162109
