"study_id","cv_type","mean_cv_studylevel","sd_cv_studylevel","species_studyid","range_source","mean_cv_sppspecific","sd_cv_sppspecific"
"A215_P1","map_25km_gVelLat",0.0367575877373649,0.565407651947792,"Sylvia conspicillata_A215_P1","GBIF occurrence",0.0285798877516226,0.560131294520541
"A215_P1","map_gVelEle",-2.5502877641054,2.61743423643559,"Sylvia conspicillata_A215_P1","GBIF occurrence",-2.61638462866911,2.66919446398746
"A215_P1","map_gVelLat",0.00345793057946901,0.0735199720271688,"Sylvia conspicillata_A215_P1","GBIF occurrence",-0.000408345204383567,0.0516697281706659
"A215_P1","mat_25km_gVelLat",0.274041401904836,1.29557258504453,"Sylvia conspicillata_A215_P1","GBIF occurrence",0.229251514966976,1.26181364258908
"A215_P1","mat_gVelEle",6.10050853672998,0.698942829211113,"Sylvia conspicillata_A215_P1","GBIF occurrence",6.11555175727268,0.668190789636811
"A215_P1","mat_gVelLat",0.0643611339903048,0.483817071362412,"Sylvia conspicillata_A215_P1","GBIF occurrence",0.027840085597858,0.355509726408699
