"study_id","cv_type","mean_cv_studylevel","sd_cv_studylevel","species_studyid","range_source","mean_cv_sppspecific","sd_cv_sppspecific"
"A158_P2","map_gVelEle",-0.208711184036803,1.19695669220937,"Lagopus muta_A158_P2","BOTW",-0.207118810257798,1.19433535918559
"A158_P2","map_gVelEle",-0.208711184036803,1.19695669220937,"Lagopus muta_A158_P2","GBIF occurrence",-0.207118810257798,1.19433535918559
"A158_P2","map_gVelLat",-0.000219330730590114,0.00317002804947103,"Lagopus muta_A158_P2","BOTW",-0.000224553736890637,0.0031584365499711
"A158_P2","map_gVelLat",-0.000219330730590114,0.00317002804947103,"Lagopus muta_A158_P2","GBIF occurrence",-0.000224553736890637,0.0031584365499711
"A158_P2","mat_gVelEle",5.36128291583298,0.118935249175049,"Lagopus muta_A158_P2","BOTW",5.36108179129784,0.118620122583564
"A158_P2","mat_gVelEle",5.36128291583298,0.118935249175049,"Lagopus muta_A158_P2","GBIF occurrence",5.36108179129784,0.118620122583564
"A158_P2","mat_gVelLat",-0.0029679570795685,0.015447249943479,"Lagopus muta_A158_P2","BOTW",-0.00297828346164471,0.0154349181282061
"A158_P2","mat_gVelLat",-0.0029679570795685,0.015447249943479,"Lagopus muta_A158_P2","GBIF occurrence",-0.00297828346164471,0.0154349181282061
