"study_id","cv_type","mean_cv_studylevel","sd_cv_studylevel","species_studyid","range_source","mean_cv_sppspecific","sd_cv_sppspecific"
"A102_P2","map_gVelEle",2.4633244673411,0.487075173888642,"Abies kawakamii_A102_P2","GIFT",2.4264030286244,0.483188185708672
"A102_P2","map_gVelLat",0.0055468067061156,0.00218940538414017,"Abies kawakamii_A102_P2","GIFT",0.00528188011542495,0.00200710013605321
"A102_P2","mat_gVelEle",3.27245081265767,0.0157941164834002,"Abies kawakamii_A102_P2","GIFT",3.2741881949561,0.0148284373215602
"A102_P2","mat_gVelLat",-0.00230346925090998,0.00263254827505562,"Abies kawakamii_A102_P2","GIFT",-0.00221707848998319,0.00270976921436464
