"study_id","cv_type","mean_cv_studylevel","sd_cv_studylevel","species_studyid","range_source","mean_cv_sppspecific","sd_cv_sppspecific"
"A237_P1","map_gVelEle",0.330659095935303,1.14561097337335,"Bombus alpinus_A237_P1","GBIF occurrence",0.357856281581018,1.16259201127781
"A237_P1","map_gVelLat",-0.000120426878143471,0.00442375855421401,"Bombus alpinus_A237_P1","GBIF occurrence",-5.34020752790686e-05,0.00415160233699418
"A237_P1","mat_gVelEle",0.788220856354244,0.0967684210367116,"Bombus alpinus_A237_P1","GBIF occurrence",0.7919297242551,0.0929093798969746
"A237_P1","mat_gVelLat",0.000304469342875151,0.00571235854859645,"Bombus alpinus_A237_P1","GBIF occurrence",0.000217552095122909,0.00475511579426307
