"study_id","cv_type","mean_cv_studylevel","sd_cv_studylevel","species_studyid","range_source","mean_cv_sppspecific","sd_cv_sppspecific"
"A170_P1","map_gVelEle",-1.8552578385576,0.814676569904528,"Picea glauca_A170_P1","BIEN",-1.8388938084941,0.789456872874906
"A170_P1","map_gVelEle",-1.8552578385576,0.814676569904528,"Picea glauca_A170_P1","GBIF occurrence",-1.8388938084941,0.789456872874906
"A170_P1","map_gVelLat",0.00132523966267214,0.0067233294799046,"Picea glauca_A170_P1","BIEN",0.00133916345464152,0.00679933941556552
"A170_P1","map_gVelLat",0.00132523966267214,0.0067233294799046,"Picea glauca_A170_P1","GBIF occurrence",0.00133916345464152,0.00679933941556552
"A170_P1","mat_gVelEle",7.5643231742618,1.97779881675544,"Picea glauca_A170_P1","BIEN",7.58317566497304,1.97357771600697
"A170_P1","mat_gVelEle",7.5643231742618,1.97779881675544,"Picea glauca_A170_P1","GBIF occurrence",7.58317566497304,1.97357771600697
"A170_P1","mat_gVelLat",-0.00662485963640167,0.0359642779196542,"Picea glauca_A170_P1","BIEN",-0.00684138992008434,0.0366320301702789
"A170_P1","mat_gVelLat",-0.00662485963640167,0.0359642779196542,"Picea glauca_A170_P1","GBIF occurrence",-0.00684138992008434,0.0366320301702789
