"study_id","cv_type","mean_cv_studylevel","sd_cv_studylevel","species_studyid","range_source","mean_cv_sppspecific","sd_cv_sppspecific"
"A237_P2","map_gVelEle",0.907141003527882,3.61404337991028,"Bombus alpinus_A237_P2","GBIF occurrence",0.997990169015312,3.73078748320493
"A237_P2","map_gVelLat",0.000327797448814297,0.012236898838136,"Bombus alpinus_A237_P2","GBIF occurrence",0.000176900350378772,0.0121559434773971
"A237_P2","mat_gVelEle",5.62639828968943,0.71069732685823,"Bombus alpinus_A237_P2","GBIF occurrence",5.57608757043863,0.701306915034602
"A237_P2","mat_gVelLat",0.00258847360456141,0.0426985720414753,"Bombus alpinus_A237_P2","GBIF occurrence",0.00181497004936156,0.0352434945353746
