"study_id","cv_type","mean_cv_studylevel","sd_cv_studylevel","species_studyid","range_source","mean_cv_sppspecific","sd_cv_sppspecific","p10_cv_sppspecific","p90_cv_sppspecific"
"A161_P1","sst_110km_gVelLat",3.27336832778212,2.46862836263606,"Fulmarus glacialis_A161_P1","BOTW",3.20296838259299,2.35061732188034,1.0982170343399,6.77421131134033
"A161_P1","sst_110km_gVelLat",3.27336832778212,2.46862836263606,"Fulmarus glacialis_A161_P1","GBIF occurrence",2.35229113728109,1.2451856389769,1.27246993780136,4.10359492301941
"A161_P1","sst_25km_gVelLat",2.59805439841508,3.90904870070588,"Fulmarus glacialis_A161_P1","BOTW",2.51925738848905,3.87790779213537,-0.427807313203811,6.97778310775757
"A161_P1","sst_25km_gVelLat",2.59805439841508,3.90904870070588,"Fulmarus glacialis_A161_P1","GBIF occurrence",2.07934410693677,3.77320043076474,0.278501749038696,6.87693662643433
"A161_P1","sst_50km_gVelLat",3.08417366691366,3.5434165784079,"Fulmarus glacialis_A161_P1","BOTW",3.02033002560675,3.49887049868633,0.504799449443817,7.28641471862793
"A161_P1","sst_50km_gVelLat",3.08417366691366,3.5434165784079,"Fulmarus glacialis_A161_P1","GBIF occurrence",1.75170777077419,2.81609662312102,0.369205754995346,4.18805913925171
