"study_id","cv_type","mean_cv_studylevel","sd_cv_studylevel","species_studyid","range_source","mean_cv_sppspecific","sd_cv_sppspecific"
"A158_P1","map_gVelEle",-2.92917962007605,2.63287957127543,"Lagopus muta_A158_P1","BOTW",-3.62347195738104,2.90147260532577
"A158_P1","map_gVelEle",-2.92917962007605,2.63287957127543,"Lagopus muta_A158_P1","GBIF occurrence",-2.9316749513672,2.6323606362351
"A158_P1","map_gVelLat",0.00120167964953188,0.0107255019454077,"Lagopus muta_A158_P1","BOTW",0.00268392223282731,0.0109177997556347
"A158_P1","map_gVelLat",0.00120167964953188,0.0107255019454077,"Lagopus muta_A158_P1","GBIF occurrence",0.00120254349718029,0.0107179977276115
"A158_P1","mat_gVelEle",5.37520996752246,0.356631173992111,"Lagopus muta_A158_P1","BOTW",5.40770693778989,0.336894358559272
"A158_P1","mat_gVelEle",5.37520996752246,0.356631173992111,"Lagopus muta_A158_P1","GBIF occurrence",5.37486047167449,0.356111629498677
"A158_P1","mat_gVelLat",-0.00418024583005073,0.0296707072585475,"Lagopus muta_A158_P1","BOTW",0.000365689695824627,0.0192513715391774
"A158_P1","mat_gVelLat",-0.00418024583005073,0.0296707072585475,"Lagopus muta_A158_P1","GBIF occurrence",-0.00419040357498864,0.0295325559397018
