"study_id","cv_type","mean_cv_studylevel","sd_cv_studylevel","species_studyid","range_source","mean_cv_sppspecific","sd_cv_sppspecific","p10_cv_sppspecific","p90_cv_sppspecific"
"A102_P3","map_1km_gVelLat",0.00322916586107264,0.00122846216522323,"Abies kawakamii_A102_P3","GIFT",0.00307336793048307,0.00111045178236438,0.00205980672035366,0.00453758463263512
"A102_P3","map_gVelEle_1km",38.999260075887,39.2854312360985,"Abies kawakamii_A102_P3","GIFT",39.0627806144101,39.4920128975322,1.15077126026154,85.3797462463379
"A102_P3","mat_1km_gVelLat",-0.00112597922949741,0.00128787498647702,"Abies kawakamii_A102_P3","GIFT",-0.00108395263253312,0.00132577403841335,-0.00257175248116255,0.000677923153853045
"A102_P3","mat_gVelEle_1km",38.999260075887,39.2854312360985,"Abies kawakamii_A102_P3","GIFT",39.0627806144101,39.4920128975322,1.15077126026154,85.3797462463379
