"study_id","cv_type","mean_cv_studylevel","sd_cv_studylevel","species_studyid","range_source","mean_cv_sppspecific","sd_cv_sppspecific","p10_cv_sppspecific","p90_cv_sppspecific"
"A90_P2","map_1km_gVelLat",0.371831633602934,0.468176779325189,"Hemideina crassidens_A90_P2","GBIF occurrence",0.362696627649711,0.480128084207146,0.0415509071201086,1.12745440006256
"A90_P2","mat_1km_gVelLat",-0.00501861450445306,0.0111876893791769,"Hemideina crassidens_A90_P2","GBIF occurrence",-0.00482161033414741,0.0113029361924364,-0.0186300614848733,0.0120077505707741
"A90_P2","mat_gVelEle_1km",110.986977928563,159.850070394071,"Hemideina crassidens_A90_P2","GBIF occurrence",110.229755997658,160.663057738108,-58.7264415740967,271.598947143555
