"study_id","cv_type","mean_cv_studylevel","sd_cv_studylevel","species_studyid","range_source","mean_cv_sppspecific","sd_cv_sppspecific","p10_cv_sppspecific","p90_cv_sppspecific"
"A102_P2","map_1km_gVelLat",0.0055468067061156,0.00218940538414017,"Abies kawakamii_A102_P2","GIFT",0.00528188011542495,0.00200710013605321,0.00338870570994914,0.00775138991884887
"A102_P2","map_gVelEle_1km",39.5089954296748,38.7825863263556,"Abies kawakamii_A102_P2","GIFT",39.5646200094904,38.9972234171787,1.93268601894379,85.3797462463379
"A102_P2","mat_1km_gVelLat",-0.00230346925090998,0.00263254827505562,"Abies kawakamii_A102_P2","GIFT",-0.00221707848998319,0.00270976921436464,-0.00526311099529266,0.00138117919559591
"A102_P2","mat_gVelEle_1km",39.5089954296748,38.7825863263556,"Abies kawakamii_A102_P2","GIFT",39.5646200094904,38.9972234171787,1.93268601894379,85.3797462463379
