"study_id","cv_type","mean_cv_studylevel","sd_cv_studylevel","species_studyid","range_source","mean_cv_sppspecific","sd_cv_sppspecific","p10_cv_sppspecific","p90_cv_sppspecific"
"A94_P1","sst_110km_gVelLat",1.35642507746637,1.00556023196526,"Calanus finmarchicus_A94_P1","GBIF occurrence",1.10279415157579,0.867691911281062,0.217894613742828,2.26528840065003
"A94_P1","sst_110km_gVelLat",1.35642507746637,1.00556023196526,"Calanus helgolandicus_A94_P1","GBIF occurrence",1.16452754983767,0.898410826995924,0.28296086192131,2.35090699195862
"A94_P1","sst_110km_gVelLat",1.35642507746637,1.00556023196526,"Calanus hyperboreus_A94_P1","GBIF occurrence",1.24489328617023,1.04480874528328,0.293788334727287,2.61707525253296
"A94_P1","sst_25km_gVelLat",1.32750249766412,1.2049987926294,"Calanus finmarchicus_A94_P1","GBIF occurrence",0.996477008846417,1.07817419448119,0.0887548610568047,2.41321859359741
"A94_P1","sst_25km_gVelLat",1.32750249766412,1.2049987926294,"Calanus helgolandicus_A94_P1","GBIF occurrence",1.04885295112986,1.10941230814695,0.106055809557438,2.46515204906464
"A94_P1","sst_25km_gVelLat",1.32750249766412,1.2049987926294,"Calanus hyperboreus_A94_P1","GBIF occurrence",1.02342224046035,1.1739086157315,-0.031645705550909,2.63459045886994
"A94_P1","sst_50km_gVelLat",1.35179362214284,1.1181023279082,"Calanus finmarchicus_A94_P1","GBIF occurrence",1.05306018222999,0.980755660721796,0.151589146256447,2.35669083595276
"A94_P1","sst_50km_gVelLat",1.35179362214284,1.1181023279082,"Calanus helgolandicus_A94_P1","GBIF occurrence",1.1085846930171,1.00786792538604,0.175042852759361,2.41699814796448
"A94_P1","sst_50km_gVelLat",1.35179362214284,1.1181023279082,"Calanus hyperboreus_A94_P1","GBIF occurrence",1.13067826732297,1.1286103159347,0.147491201758385,2.82272720336914
