"study_id","cv_type","mean_cv_studylevel","sd_cv_studylevel","species_studyid","range_source","mean_cv_sppspecific","sd_cv_sppspecific","p10_cv_sppspecific","p90_cv_sppspecific"
"A102_P1","map_1km_gVelLat",0.0903589710593224,0.0376258615571407,"Abies kawakamii_A102_P1","GIFT",0.0863695373492581,0.035602078949853,0.0542827095836401,0.122810993343592
"A102_P1","map_gVelEle_1km",108.74323870341,150.737024119959,"Abies kawakamii_A102_P1","GIFT",109.093887737819,150.73741160472,-45.9145820617676,265.379751586914
"A102_P1","mat_1km_gVelLat",-0.000184787110386727,0.000202589219803197,"Abies kawakamii_A102_P1","GIFT",-0.000178174784066089,0.00020855024984931,-0.000422953197266907,9.70028348092457e-05
"A102_P1","mat_gVelEle_1km",108.74323870341,150.737024119959,"Abies kawakamii_A102_P1","GIFT",109.093887737819,150.73741160472,-45.9145820617676,265.379751586914
