"study_id","cv_type","mean_cv_studylevel","sd_cv_studylevel","species_studyid","range_source","mean_cv_sppspecific","sd_cv_sppspecific","p10_cv_sppspecific","p90_cv_sppspecific"
"A102_P6","map_1km_gVelLat",0.000395502675221198,0.00177828738582219,"Abies kawakamii_A102_P6","GIFT",0.000333589123329148,0.00189067076091403,-0.00200376284774393,0.00199560578912497
"A102_P6","map_gVelEle_1km",148.645165004664,152.602202896796,"Abies kawakamii_A102_P6","GIFT",148.51261145249,153.047269909024,0.358551785349846,300.682846069336
"A102_P6","mat_1km_gVelLat",-0.00605606944817636,0.00149013838906203,"Abies kawakamii_A102_P6","GIFT",-0.00614311068784446,0.00156837561897826,-0.00768776093609631,-0.00398043729364872
"A102_P6","mat_gVelEle_1km",148.645165004664,152.602202896796,"Abies kawakamii_A102_P6","GIFT",148.51261145249,153.047269909024,0.358551785349846,300.682846069336
