"study_id","cv_type","mean_cv_studylevel","sd_cv_studylevel","species_studyid","range_source","mean_cv_sppspecific","sd_cv_sppspecific","p10_cv_sppspecific","p90_cv_sppspecific"
"A102_P5","map_1km_gVelLat",0.000671162464035054,0.00275948651998875,"Abies kawakamii_A102_P5","GIFT",0.000573768105823547,0.00293343190622407,-0.00304560207296163,0.00324401638936251
"A102_P5","map_gVelEle_1km",148.764424549209,152.479556558535,"Abies kawakamii_A102_P5","GIFT",148.62733598426,152.92885562472,0.548930406570435,300.682846069336
"A102_P5","mat_1km_gVelLat",-0.01270157771392,0.00312965685911498,"Abies kawakamii_A102_P5","GIFT",-0.0128843135898933,0.00329401543104998,-0.0161074487492442,-0.00833589714020491
"A102_P5","mat_gVelEle_1km",148.764424549209,152.479556558535,"Abies kawakamii_A102_P5","GIFT",148.62733598426,152.92885562472,0.548930406570435,300.682846069336
