"study_id","cv_type","mean_cv_studylevel","sd_cv_studylevel","species_studyid","range_source","mean_cv_sppspecific","sd_cv_sppspecific","p10_cv_sppspecific","p90_cv_sppspecific"
"A77_P1","map_1km_gVelLat",0.00793517901935211,0.142379406806045,"Thaumetopoea pityocampa_A77_P1","GBIF occurrence",0.00793517901935211,0.142379406806045,-0.158801984786987,0.170173941552639
"A77_P1","map_25km_gVelLat",-0.0237386884788668,2.20956279155499,"Thaumetopoea pityocampa_A77_P1","GBIF occurrence",-0.0237386884788668,2.20956279155499,-3.80221271514893,2.04061645269394
"A77_P1","map_50km_gVelLat",1.41284961501757,0.523907238886182,"Thaumetopoea pityocampa_A77_P1","GBIF occurrence",1.41284961501757,0.523907238886182,0.788431233167648,1.93740301132202
"A77_P1","mat_1km_gVelLat",0.4554888458125,1.56424987187736,"Thaumetopoea pityocampa_A77_P1","GBIF occurrence",0.4554888458125,1.56424987187736,-1.21672228574753,2.43521537780762
"A77_P1","mat_25km_gVelLat",4.05544224878152,4.5945679436488,"Thaumetopoea pityocampa_A77_P1","GBIF occurrence",4.05544224878152,4.5945679436488,-1.4663128554821,8.12194776535034
"A77_P1","mat_50km_gVelLat",10.6632349756029,3.77310284433993,"Thaumetopoea pityocampa_A77_P1","GBIF occurrence",10.6632349756029,3.77310284433993,7.14567995071411,15.7136096954346
"A77_P1","mat_gVelEle_1km",93.7644035058361,107.243385103314,"Thaumetopoea pityocampa_A77_P1","GBIF occurrence",93.7644035058361,107.243385103314,0.552740240097046,261.419836425781
