"study_id","cv_type","mean_cv_studylevel","sd_cv_studylevel","species_studyid","range_source","mean_cv_sppspecific","sd_cv_sppspecific","p10_cv_sppspecific","p90_cv_sppspecific"
"A237_P1","map_110km_gVelLat",-0.0951641522170533,0.341409015551181,"Bombus alpinus_A237_P1","GBIF occurrence",-0.0951641522170533,0.341409015551181,-0.494575381278992,0.375390529632568
"A237_P1","map_1km_gVelLat",3.76040136484735e-05,0.00562006752737954,"Bombus alpinus_A237_P1","GBIF occurrence",-4.71073197167113e-05,0.00518706493484338,-0.00591659275814891,0.00587696088477969
"A237_P1","map_25km_gVelLat",-0.00179124955228338,0.103162361851789,"Bombus alpinus_A237_P1","GBIF occurrence",-0.000614986293230143,0.0994583817165368,-0.125288636982441,0.130996724963188
"A237_P1","map_50km_gVelLat",-0.00289473565475594,0.189220124806823,"Bombus alpinus_A237_P1","GBIF occurrence",-0.0160089838212695,0.171097168229845,-0.207046411931515,0.214897488057613
"A237_P1","mat_110km_gVelLat",0.105840428421895,0.304439320251344,"Bombus alpinus_A237_P1","GBIF occurrence",0.105840428421895,0.304439320251344,-0.384558975696564,0.373157322406769
"A237_P1","mat_1km_gVelLat",0.000463364557879137,0.00864124186712432,"Bombus alpinus_A237_P1","GBIF occurrence",0.000324514750597402,0.00722994311993719,-0.0061249764636159,0.0066244088113308
"A237_P1","mat_25km_gVelLat",-0.000591888581872295,0.0718948275401417,"Bombus alpinus_A237_P1","GBIF occurrence",-0.000901932671010446,0.0724216702568326,-0.100629376620054,0.0827287800610065
"A237_P1","mat_50km_gVelLat",-0.0120718173497426,0.104444517592421,"Bombus alpinus_A237_P1","GBIF occurrence",-0.0141963839335155,0.104545687790871,-0.158294703066349,0.101390651613474
"A237_P1","mat_gVelEle_1km",91.6963380888023,107.560064054997,"Bombus alpinus_A237_P1","GBIF occurrence",91.3135101983639,107.351243401241,-1.22703782320023,263.323040771484
