"study_id","cv_type","mean_cv_studylevel","sd_cv_studylevel","species_studyid","range_source","mean_cv_sppspecific","sd_cv_sppspecific"
"A179_P1","map_gVelEle",4.47132001749042,2.25987138883301,"Peromyscus maniculatus_A179_P1","IUCN",4.47135169472397,2.25798723298345
"A179_P1","map_gVelEle",4.47132001749042,2.25987138883301,"Peromyscus truei_A179_P1","IUCN",3.67921446875376,1.78577936348333
"A179_P1","map_gVelLat",0.00161539632792117,0.0262643989178829,"Peromyscus maniculatus_A179_P1","IUCN",0.00160932504481021,0.0262270772836671
"A179_P1","map_gVelLat",0.00161539632792117,0.0262643989178829,"Peromyscus truei_A179_P1","IUCN",-0.00123794896383119,0.0239910723856257
"A179_P1","mat_gVelEle",1.19157274509964,0.155499947273337,"Peromyscus maniculatus_A179_P1","IUCN",1.19244663275495,0.155025543120947
"A179_P1","mat_gVelEle",1.19157274509964,0.155499947273337,"Peromyscus truei_A179_P1","IUCN",1.09221110983212,0.107977153398774
"A179_P1","mat_gVelLat",0.00154987405414373,0.00830072124643312,"Peromyscus maniculatus_A179_P1","IUCN",0.00159272573154526,0.00826851940125021
"A179_P1","mat_gVelLat",0.00154987405414373,0.00830072124643312,"Peromyscus truei_A179_P1","IUCN",0.00190340019122892,0.00832803778733675
