"study_id","cv_type","mean_cv_studylevel","sd_cv_studylevel","species_studyid","range_source","mean_cv_sppspecific","sd_cv_sppspecific","p10_cv_sppspecific","p90_cv_sppspecific"
"A184_P1","map_1km_gVelLat",-0.00342348869921208,0.0103439768585005,"Fagus sylvatica_A184_P1","IUCN",-0.00243255808858566,0.0104767950440845,-0.0144781915470958,0.0107869561761618
"A184_P1","map_1km_gVelLat",-0.00342348869921208,0.0103439768585005,"Fagus sylvatica_A184_P1","GBIF occurrence",-0.00337262668623122,0.0101793282448001,-0.0151823945343494,0.0101694604381919
"A184_P1","map_gVelEle_1km",87.2082676536919,100.463488625208,"Fagus sylvatica_A184_P1","IUCN",82.9087052883523,98.4978097132447,1.50090637207031,247.175556945801
"A184_P1","map_gVelEle_1km",87.2082676536919,100.463488625208,"Fagus sylvatica_A184_P1","GBIF occurrence",86.5074697267657,100.25720345144,1.3165314078331,245.851373291016
"A184_P1","mat_1km_gVelLat",0.00331210664857745,0.0118104224274383,"Fagus sylvatica_A184_P1","IUCN",0.00133752086965358,0.0110766568124057,-0.011961948312819,0.0138132648542523
"A184_P1","mat_1km_gVelLat",0.00331210664857745,0.0118104224274383,"Fagus sylvatica_A184_P1","GBIF occurrence",0.00306976364530192,0.0114969394848603,-0.011443248949945,0.0157135594636202
"A184_P1","mat_gVelEle_1km",87.2082676536919,100.463488625208,"Fagus sylvatica_A184_P1","IUCN",82.9087052883523,98.4978097132447,1.50090637207031,247.175556945801
"A184_P1","mat_gVelEle_1km",87.2082676536919,100.463488625208,"Fagus sylvatica_A184_P1","GBIF occurrence",86.5074697267657,100.25720345144,1.3165314078331,245.851373291016
