"study_id","cv_type","mean_cv_studylevel","sd_cv_studylevel","species_studyid","range_source","mean_cv_sppspecific","sd_cv_sppspecific"
"A78_P1","map_gVelEle",3.73904760181478,2.39925618412249,"Picea glauca_A78_P1","BIEN",3.73770622390414,2.39821464042956
"A78_P1","map_gVelEle",3.73904760181478,2.39925618412249,"Picea glauca_A78_P1","GBIF occurrence",3.73770622390414,2.39821464042956
"A78_P1","map_gVelLat",-0.00231118165988635,0.0584094517703254,"Picea glauca_A78_P1","BIEN",-0.00224947189601691,0.0583013844100325
"A78_P1","map_gVelLat",-0.00231118165988635,0.0584094517703254,"Picea glauca_A78_P1","GBIF occurrence",-0.00224947189601691,0.0583013844100325
"A78_P1","mat_gVelEle",3.54792337069696,0.146651455506858,"Picea glauca_A78_P1","BIEN",3.5477870592941,0.146585460733185
"A78_P1","mat_gVelEle",3.54792337069696,0.146651455506858,"Picea glauca_A78_P1","GBIF occurrence",3.5477870592941,0.146585460733185
"A78_P1","mat_gVelLat",-0.0495583852063797,0.0856410316285691,"Picea glauca_A78_P1","BIEN",-0.049700042126135,0.0856643134450027
"A78_P1","mat_gVelLat",-0.0495583852063797,0.0856410316285691,"Picea glauca_A78_P1","GBIF occurrence",-0.049700042126135,0.0856643134450027
