"study_id","cv_type","mean_cv_studylevel","sd_cv_studylevel","species_studyid","range_source","mean_cv_sppspecific","sd_cv_sppspecific","p10_cv_sppspecific","p90_cv_sppspecific"
"A256_P3","map_110km_gVelLat",1.31614302307367,1.25111357316435,"Martes zibellina_A256_P3","IUCN",1.3493458610915,1.33920885384677,0.100391663610935,2.00231909751892
"A256_P3","map_1km_gVelLat",-0.00464735876225179,0.198400334727523,"Martes zibellina_A256_P3","IUCN",-0.00191933857675966,0.107680793710783,-0.0423036687076092,0.0369249537587166
"A256_P3","map_25km_gVelLat",0.449934687261925,1.17133412306779,"Martes zibellina_A256_P3","IUCN",0.44054080795607,1.05558765150061,-0.802507370710373,1.84646821022034
"A256_P3","map_50km_gVelLat",0.402373024745654,2.22004977440883,"Martes zibellina_A256_P3","IUCN",0.314909219036548,2.29834075021979,-1.86915814876556,2.42647032737732
"A256_P3","mat_110km_gVelLat",4.70626545011997,3.01625020342626,"Martes zibellina_A256_P3","IUCN",4.86631010330859,3.08190968878497,-0.146279036998749,7.96441030502319
"A256_P3","mat_1km_gVelLat",0.4229867039445,1.15151718652224,"Martes zibellina_A256_P3","IUCN",0.0713786487489671,0.593640932774269,-0.17452195584774,0.180791679024696
"A256_P3","mat_25km_gVelLat",0.773007876676947,1.67974777728692,"Martes zibellina_A256_P3","IUCN",0.177167585431698,1.12178072147156,-1.17047798633575,1.58982634544373
"A256_P3","mat_50km_gVelLat",0.830573727971964,2.71858628279662,"Martes zibellina_A256_P3","IUCN",0.516178074663559,2.12286627629181,-1.43695044517517,3.464866065979
"A256_P3","mat_gVelEle_1km",91.1521760701791,103.032522591524,"Martes zibellina_A256_P3","IUCN",89.5024905231037,101.497885462355,-2.48220992088318,238.9767578125
