"study_id","cv_type","mean_cv_studylevel","sd_cv_studylevel","species_studyid","range_source","mean_cv_sppspecific","sd_cv_sppspecific","p10_cv_sppspecific","p90_cv_sppspecific"
"A193_P1","map_1km_gVelLat",-0.000799224416920028,0.0214105174285251,"Larix sibirica_A193_P1","GIFT",-0.000821059829689214,0.0213094688788444,-0.026383980922401,0.0240465264767408
"A193_P1","map_25km_gVelLat",-1.6806378965266,3.02660392405041,"Larix sibirica_A193_P1","GIFT",-1.06444615721703,2.01108291890381,-3.31653635501862,-0.0351930368691683
"A193_P1","map_gVelEle_1km",86.6999892036263,97.435062860173,"Larix sibirica_A193_P1","GIFT",86.4599790533815,97.3891296095728,2.00320982933044,242.257919311523
"A193_P1","mat_1km_gVelLat",0.0010731171907571,0.00347358895468573,"Larix sibirica_A193_P1","GIFT",0.00106919488517307,0.00344919601769957,-0.0021542836446315,0.00521853915415704
"A193_P1","mat_25km_gVelLat",0.0275838647503406,0.00613616828007155,"Larix sibirica_A193_P1","GIFT",0.0259623751044273,0.0045751902664764,0.022630588337779,0.0326276205480099
"A193_P1","mat_gVelEle_1km",86.6999892036263,97.435062860173,"Larix sibirica_A193_P1","GIFT",86.4599790533815,97.3891296095728,2.00320982933044,242.257919311523
