"study_id","cv_type","mean_cv_studylevel","sd_cv_studylevel","species_studyid","range_source","mean_cv_sppspecific","sd_cv_sppspecific","p10_cv_sppspecific","p90_cv_sppspecific"
"A186_P1","map_1km_gVelLat",-0.00967334845546054,0.0244115049130108,"Betula pubescens_A186_P1","GBIF occurrence",-0.00971878366420092,0.0243967253617352,-0.038673834502697,0.0198221649974585
"A186_P1","map_gVelEle_1km",86.169335634239,109.356684706119,"Betula pubescens_A186_P1","GBIF occurrence",85.944601485268,109.832324150602,0.58995772600174,273.144818115234
"A186_P1","mat_1km_gVelLat",0.073965400533327,0.680980318543695,"Betula pubescens_A186_P1","GBIF occurrence",0.0742396966716302,0.682041724553941,-0.187006759643555,0.306288105249405
"A186_P1","mat_gVelEle_1km",86.169335634239,109.356684706119,"Betula pubescens_A186_P1","GBIF occurrence",85.944601485268,109.832324150602,0.58995772600174,273.144818115234
