"study_id","cv_type","mean_cv_studylevel","sd_cv_studylevel","species_studyid","range_source","mean_cv_sppspecific","sd_cv_sppspecific","p10_cv_sppspecific","p90_cv_sppspecific"
"A62_P1","map_110km_gVelLat",-0.468074121698737,0.597802054229115,"Brachylagus idahoensis_A62_P1","IUCN",-0.654354220628738,0.78324290221273,-1.47570307254791,0.00343199372291557
"A62_P1","map_1km_gVelLat",-0.00280204099862706,0.0479396048596602,"Brachylagus idahoensis_A62_P1","IUCN",-0.00312044790668603,0.0498508568130571,-0.0563998572528362,0.0481172017753125
"A62_P1","map_25km_gVelLat",-0.0953595812541885,0.314642490274457,"Brachylagus idahoensis_A62_P1","IUCN",-0.124203406420819,0.39473605478002,-0.558194530010223,0.476097160577774
"A62_P1","map_50km_gVelLat",-0.21241236170952,0.273999396821803,"Brachylagus idahoensis_A62_P1","IUCN",-0.314699991047382,0.26595777625301,-0.64221630692482,-0.0797548174858091
"A62_P1","mat_110km_gVelLat",-0.0599908381700516,0.288125355664741,"Brachylagus idahoensis_A62_P1","IUCN",0.0483843624591827,0.378039427574327,-0.345619621872902,0.380240786075592
"A62_P1","mat_1km_gVelLat",0.0272207758640896,0.135883227254414,"Brachylagus idahoensis_A62_P1","IUCN",0.0345905838251328,0.142200385904427,-0.037452307343483,0.168812194466591
"A62_P1","mat_25km_gVelLat",0.0170807914459784,0.207832776059333,"Brachylagus idahoensis_A62_P1","IUCN",0.0867370425807208,0.204185122543964,-0.163035297393799,0.322548699378967
"A62_P1","mat_50km_gVelLat",0.115894957594177,0.234495299915168,"Brachylagus idahoensis_A62_P1","IUCN",0.212482530856505,0.193709790917743,-0.0898443482816219,0.389183229207993
"A62_P1","mat_gVelEle_1km",94.3297746715965,109.583851493578,"Brachylagus idahoensis_A62_P1","IUCN",94.7031289067954,109.888540205296,0.725974100828171,275.942733764649
