"study_id","cv_type","mean_cv_studylevel","sd_cv_studylevel","species_studyid","range_source","mean_cv_sppspecific","sd_cv_sppspecific","p10_cv_sppspecific","p90_cv_sppspecific"
"A170_P1","map_1km_gVelLat",-0.00132523966267214,0.0067233294799046,"Picea glauca_A170_P1","BIEN",-0.00133916345464152,0.00679933941556552,-0.00988522600382567,0.0069249389693141
"A170_P1","map_1km_gVelLat",-0.00132523966267214,0.0067233294799046,"Picea glauca_A170_P1","GBIF occurrence",-0.00133916345464152,0.00679933941556552,-0.00988522600382567,0.0069249389693141
"A170_P1","map_gVelEle_1km",80.0377491656691,100.240648255845,"Picea glauca_A170_P1","BIEN",79.9118383530691,99.880239606134,-2.42644355297089,244.616262817383
"A170_P1","map_gVelEle_1km",80.0377491656691,100.240648255845,"Picea glauca_A170_P1","GBIF occurrence",79.9118383530691,99.880239606134,-2.42644355297089,244.616262817383
"A170_P1","mat_1km_gVelLat",-0.00662485963640167,0.0359642779196542,"Picea glauca_A170_P1","BIEN",-0.00684138992008434,0.0366320301702789,-0.0527298271656036,0.033091526478529
"A170_P1","mat_1km_gVelLat",-0.00662485963640167,0.0359642779196542,"Picea glauca_A170_P1","GBIF occurrence",-0.00684138992008434,0.0366320301702789,-0.0527298271656036,0.033091526478529
"A170_P1","mat_gVelEle_1km",80.0377491656691,100.240648255845,"Picea glauca_A170_P1","BIEN",79.9118383530691,99.880239606134,-2.42644355297089,244.616262817383
"A170_P1","mat_gVelEle_1km",80.0377491656691,100.240648255845,"Picea glauca_A170_P1","GBIF occurrence",79.9118383530691,99.880239606134,-2.42644355297089,244.616262817383
