"study_id","cv_type","mean_cv_studylevel","sd_cv_studylevel","species_studyid","range_source","mean_cv_sppspecific","sd_cv_sppspecific"
"A151_P1","sst_gVelLat",0.185950492470436,0.47346121358775,"Acropora hyacinthus_A151_P1","IUCN",0.172274374247839,0.469880977825164
"A151_P1","sst_gVelLat",0.185950492470436,0.47346121358775,"Acropora pruinosa_A151_P1","IUCN",0.172274374247839,0.469880977825164
"A151_P1","sst_gVelLat",0.185950492470436,0.47346121358775,"Acropora solitaryensis_A151_P1","IUCN",0.174040726917096,0.468322274105056
"A151_P1","sst_gVelLat",0.185950492470436,0.47346121358775,"Hydnophora exesa_A151_P1","IUCN",0.172274374247839,0.469880977825164
"A151_P1","sst_gVelLat",0.185950492470436,0.47346121358775,"Lithophyllon undulatum_A151_P1","IUCN",0.167328849841817,0.468720984213278
"A151_P1","sst_gVelLat",0.185950492470436,0.47346121358775,"Pavona decussata_A151_P1","IUCN",0.172274374247839,0.469880977825164
