"study_id","cv_type","mean_cv_studylevel","sd_cv_studylevel","species_studyid","range_source","mean_cv_sppspecific","sd_cv_sppspecific"
"A23_P1","map_gVelEle",-13.8126216390004,9.15846973972154,"Zygaena anthyllidis_A23_P1","GBIF occurrence",-13.7582776463212,9.09521170909992
"A23_P1","map_gVelEle",-13.8126216390004,9.15846973972154,"Zygaena exulans_A23_P1","GBIF occurrence",-13.7657700946944,9.09493821525621
"A23_P1","map_gVelLat",0.00823136505026253,0.0454578719183891,"Zygaena anthyllidis_A23_P1","GBIF occurrence",0.00846391485103356,0.0450801174965702
"A23_P1","map_gVelLat",0.00823136505026253,0.0454578719183891,"Zygaena exulans_A23_P1","GBIF occurrence",0.00848644118558413,0.0451307440178411
"A23_P1","mat_gVelEle",7.67236256855669,0.162943307764488,"Zygaena anthyllidis_A23_P1","GBIF occurrence",7.67331798410267,0.161708632586835
"A23_P1","mat_gVelEle",7.67236256855669,0.162943307764488,"Zygaena exulans_A23_P1","GBIF occurrence",7.67288321308859,0.162191484951327
"A23_P1","mat_gVelLat",0.00143504808652961,0.0273406350967523,"Zygaena anthyllidis_A23_P1","GBIF occurrence",0.00142753478202942,0.0273164350760061
"A23_P1","mat_gVelLat",0.00143504808652961,0.0273406350967523,"Zygaena exulans_A23_P1","GBIF occurrence",0.00145165007743849,0.0273183108281065
