"study_id","cv_type","mean_cv_studylevel","sd_cv_studylevel","species_studyid","range_source","mean_cv_sppspecific","sd_cv_sppspecific"
"A102_P3","map_gVelEle",1.44385375976562,0.25970418211584,"Abies kawakamii_A102_P3","GIFT",1.42272423846381,0.255778114497282
"A102_P3","map_gVelLat",0.00322916586107264,0.00122846216522323,"Abies kawakamii_A102_P3","GIFT",0.00307336793048307,0.00111045178236438
"A102_P3","mat_gVelEle",1.60153098901113,0.00840030742089233,"Abies kawakamii_A102_P3","GIFT",1.60259711742401,0.00759159479666804
"A102_P3","mat_gVelLat",-0.00112597922949741,0.00128787498647702,"Abies kawakamii_A102_P3","GIFT",-0.00108395263253312,0.00132577403841335
