"study_id","cv_type","mean_cv_studylevel","sd_cv_studylevel","species_studyid","range_source","mean_cv_sppspecific","sd_cv_sppspecific"
"A102_P4","map_gVelEle",-13.3724584579468,1.27940512428706,"Abies kawakamii_A102_P4","GIFT",-13.3392831087112,1.36359693997892
"A102_P4","map_gVelLat",-0.0109798167314794,0.0656788996487438,"Abies kawakamii_A102_P4","GIFT",-0.00917389430105686,0.0699744088457441
"A102_P4","mat_gVelEle",1.45210560162862,0.029956690696893,"Abies kawakamii_A102_P4","GIFT",1.45075882971287,0.0317324379536461
"A102_P4","mat_gVelLat",-0.00553672163126369,0.00135663891717469,"Abies kawakamii_A102_P4","GIFT",-0.005618149851216,0.00142660201940596
