"study_id","cv_type","mean_cv_studylevel","sd_cv_studylevel","species_studyid","range_source","mean_cv_sppspecific","sd_cv_sppspecific"
"A88_P1","map_25km_gVelLat",1.73470492547826,3.76600269254108,"Glaucomys volans_A88_P1","IUCN",0.671076837093083,1.66110278703086
"A88_P1","map_25km_gVelLat",1.73470492547826,3.76600269254108,"Glaucomys volans_A88_P1","GBIF occurrence",1.89668242046527,3.76271819041623
"A88_P1","map_gVelEle",1.06341110439028,2.79079655460363,"Glaucomys volans_A88_P1","IUCN",-0.898271313764163,1.62889436323831
"A88_P1","map_gVelEle",1.06341110439028,2.79079655460363,"Glaucomys volans_A88_P1","GBIF occurrence",1.06316760771361,2.79099203806046
"A88_P1","map_gVelLat",0.00859367144186829,0.196581145183747,"Glaucomys volans_A88_P1","IUCN",0.00717430712019504,0.155950841604008
"A88_P1","map_gVelLat",0.00859367144186829,0.196581145183747,"Glaucomys volans_A88_P1","GBIF occurrence",0.00866346720207183,0.196553165573561
"A88_P1","mat_25km_gVelLat",9.00812007857777,5.39661621511322,"Glaucomys volans_A88_P1","IUCN",8.06362824742474,5.00274303652933
"A88_P1","mat_25km_gVelLat",9.00812007857777,5.39661621511322,"Glaucomys volans_A88_P1","GBIF occurrence",9.04085775972468,5.41118115383292
"A88_P1","mat_gVelEle",32.5925433656676,6.81087203710832,"Glaucomys volans_A88_P1","IUCN",29.9739575546346,6.51557466482229
"A88_P1","mat_gVelEle",32.5925433656676,6.81087203710832,"Glaucomys volans_A88_P1","GBIF occurrence",32.599597963067,6.80349053802713
"A88_P1","mat_gVelLat",1.87155476017884,3.77177010704078,"Glaucomys volans_A88_P1","IUCN",2.13570333474897,3.76956759149475
"A88_P1","mat_gVelLat",1.87155476017884,3.77177010704078,"Glaucomys volans_A88_P1","GBIF occurrence",1.86636563722543,3.76455854732732
