"study_id","cv_type","mean_cv_studylevel","sd_cv_studylevel","species_studyid","range_source","mean_cv_sppspecific","sd_cv_sppspecific"
"A158_P3","map_gVelEle",-9.10725171901473,6.23998668112625,"Lagopus muta_A158_P3","BOTW",-9.12119698643545,6.24668002492226
"A158_P3","map_gVelEle",-9.10725171901473,6.23998668112625,"Lagopus muta_A158_P3","GBIF occurrence",-9.12119698643545,6.24668002492226
"A158_P3","map_gVelLat",-0.00319798365107238,0.0216753323226011,"Lagopus muta_A158_P3","BOTW",-0.00321248165157913,0.0216748445911113
"A158_P3","map_gVelLat",-0.00319798365107238,0.0216753323226011,"Lagopus muta_A158_P3","GBIF occurrence",-0.00321248165157913,0.0216748445911113
"A158_P3","mat_gVelEle",5.85428022038001,0.156722966200448,"Lagopus muta_A158_P3","BOTW",5.85470900084776,0.156035352894002
"A158_P3","mat_gVelEle",5.85428022038001,0.156722966200448,"Lagopus muta_A158_P3","GBIF occurrence",5.85470900084776,0.156035352894002
"A158_P3","mat_gVelLat",-0.0049391870564224,0.0149769161289347,"Lagopus muta_A158_P3","BOTW",-0.00493153880290165,0.0149333645517435
"A158_P3","mat_gVelLat",-0.0049391870564224,0.0149769161289347,"Lagopus muta_A158_P3","GBIF occurrence",-0.00493153880290165,0.0149333645517435
