"study_id","cv_type","mean_cv_studylevel","sd_cv_studylevel","species_studyid","range_source","mean_cv_sppspecific","sd_cv_sppspecific"
"A173_P1","map_gVelEle",-1.97713060401846,1.16548967751902,"Aporia crataegi_A173_P1","Butterfly Maps",-1.9844524009698,1.16709936819176
"A173_P1","map_gVelEle",-1.97713060401846,1.16548967751902,"Aporia crataegi_A173_P1","GBIF occurrence",-1.9844524009698,1.16709936819176
"A173_P1","map_gVelLat",-0.00023935402338215,0.0204922949576187,"Aporia crataegi_A173_P1","Butterfly Maps",-0.000269094849496176,0.0204674044328987
"A173_P1","map_gVelLat",-0.00023935402338215,0.0204922949576187,"Aporia crataegi_A173_P1","GBIF occurrence",-0.000269094849496176,0.0204674044328987
"A173_P1","mat_gVelEle",7.74219481076554,0.268647008483527,"Aporia crataegi_A173_P1","Butterfly Maps",7.74366777142823,0.267262797494807
"A173_P1","mat_gVelEle",7.74219481076554,0.268647008483527,"Aporia crataegi_A173_P1","GBIF occurrence",7.74366777142823,0.267262797494807
"A173_P1","mat_gVelLat",0.0347775399331674,0.126203740867114,"Aporia crataegi_A173_P1","Butterfly Maps",0.0342638032856203,0.125389467885989
"A173_P1","mat_gVelLat",0.0347775399331674,0.126203740867114,"Aporia crataegi_A173_P1","GBIF occurrence",0.0342638032856203,0.125389467885989
