"study_id","cv_type","mean_cv_studylevel","sd_cv_studylevel","species_studyid","range_source","mean_cv_sppspecific","sd_cv_sppspecific"
"A212_P1","map_25km_gVelLat",0.0605077507150081,1.9736575837063,"Mausoleopsis amabilis_A212_P1","GBIF occurrence",0.208303539810171,1.79892103611255
"A212_P1","map_gVelEle",2.48666674033298,5.50874567078025,"Mausoleopsis amabilis_A212_P1","GBIF occurrence",1.75838663842893,5.02212372371093
"A212_P1","map_gVelLat",-0.000505678315273876,0.278942158859484,"Mausoleopsis amabilis_A212_P1","GBIF occurrence",0.000335258249094845,0.221430397009155
"A212_P1","mat_25km_gVelLat",0.381788476391367,1.05763632262121,"Mausoleopsis amabilis_A212_P1","GBIF occurrence",0.372760112824706,1.1093004283076
"A212_P1","mat_gVelEle",4.19663830675843,1.75754715741689,"Mausoleopsis amabilis_A212_P1","GBIF occurrence",4.7127085465769,1.7841108696447
"A212_P1","mat_gVelLat",0.07634463029746,0.441603467066418,"Mausoleopsis amabilis_A212_P1","GBIF occurrence",0.0552903095109934,0.43595748653552
