"study_id","cv_type","mean_cv_studylevel","sd_cv_studylevel","species_studyid","range_source","mean_cv_sppspecific","sd_cv_sppspecific"
"A158_P4","map_gVelEle",-2.70620823077404,1.51847818758389,"Lagopus muta_A158_P4","BOTW",-2.89975025719647,1.56579885727355
"A158_P4","map_gVelEle",-2.70620823077404,1.51847818758389,"Lagopus muta_A158_P4","GBIF occurrence",-2.72207968970675,1.51392989998858
"A158_P4","map_gVelLat",0.000873612343910236,0.00796763233066196,"Lagopus muta_A158_P4","BOTW",0.000563150582988782,0.0078092084659194
"A158_P4","map_gVelLat",0.000873612343910236,0.00796763233066196,"Lagopus muta_A158_P4","GBIF occurrence",0.000965465650210659,0.00788712612604255
"A158_P4","mat_gVelEle",5.54698866957819,0.0735309777896078,"Lagopus muta_A158_P4","BOTW",5.54579291711778,0.0697733065732827
"A158_P4","mat_gVelEle",5.54698866957819,0.0735309777896078,"Lagopus muta_A158_P4","GBIF occurrence",5.54723202744376,0.0725873299096707
"A158_P4","mat_gVelLat",0.00340886546721683,0.0177086655623926,"Lagopus muta_A158_P4","BOTW",0.0017174189825125,0.0136825148424655
"A158_P4","mat_gVelLat",0.00340886546721683,0.0177086655623926,"Lagopus muta_A158_P4","GBIF occurrence",0.00316178199436469,0.0170095531529402
