"study_id","cv_type","mean_cv_studylevel","sd_cv_studylevel","species_studyid","range_source","mean_cv_sppspecific","sd_cv_sppspecific"
"A158_P1","map_gVelEle",-2.93666132974761,2.640492922068,"Lagopus muta_A158_P1","BOTW",-3.63402050121551,2.91029790223734
"A158_P1","map_gVelEle",-2.93666132974761,2.640492922068,"Lagopus muta_A158_P1","GBIF occurrence",-2.93917574877021,2.63996989578102
"A158_P1","map_gVelLat",0.00120030924694994,0.0107313956099626,"Lagopus muta_A158_P1","BOTW",0.00270170057377212,0.0109237779761194
"A158_P1","map_gVelLat",0.00120030924694994,0.0107313956099626,"Lagopus muta_A158_P1","GBIF occurrence",0.00120134403855131,0.0107239541921367
"A158_P1","mat_gVelEle",5.38562402875803,0.365735197191517,"Lagopus muta_A158_P1","BOTW",5.42151588566216,0.346381183481533
"A158_P1","mat_gVelEle",5.38562402875803,0.365735197191517,"Lagopus muta_A158_P1","GBIF occurrence",5.3853326126612,0.36521494563268
"A158_P1","mat_gVelLat",-0.00429269203545159,0.0298932415940837,"Lagopus muta_A158_P1","BOTW",0.000370378433523149,0.019353755962339
"A158_P1","mat_gVelLat",-0.00429269203545159,0.0298932415940837,"Lagopus muta_A158_P1","GBIF occurrence",-0.00430264678147152,0.0297549002638828
