"study_id","cv_type","mean_cv_studylevel","sd_cv_studylevel","species_studyid","range_source","mean_cv_sppspecific","sd_cv_sppspecific"
"A76_P2","map_gVelEle",-31.3242000532211,29.9284338946196,"Ochotona princeps_A76_P2","IUCN",-48.3311661736529,35.6484959386681
"A76_P2","map_gVelLat",0.0289758679094947,0.673437247358316,"Ochotona princeps_A76_P2","IUCN",0.0200348866109897,0.706753982644615
"A76_P2","mat_gVelEle",6.34086824409756,2.82684367375818,"Ochotona princeps_A76_P2","IUCN",5.7228059619021,3.62258527182428
"A76_P2","mat_gVelLat",0.101258761436209,0.50664150364798,"Ochotona princeps_A76_P2","IUCN",0.0537727709652792,0.381481510803899
