"study_id","cv_type","mean_cv_studylevel","sd_cv_studylevel","species_studyid","range_source","mean_cv_sppspecific","sd_cv_sppspecific"
"A62_P1","map_gVelEle",2.48590239565468,2.24771678628677,"Brachylagus idahoensis_A62_P1","IUCN",2.66084584777073,2.43753502966405
"A62_P1","map_gVelLat",-0.00266384808336956,0.0449510942229955,"Brachylagus idahoensis_A62_P1","IUCN",-0.00290779821712747,0.0461869362881232
"A62_P1","mat_gVelEle",1.63607957021071,0.39412114288752,"Brachylagus idahoensis_A62_P1","IUCN",1.50379051489052,0.305828106589321
"A62_P1","mat_gVelLat",0.0296842164750491,0.147137587801581,"Brachylagus idahoensis_A62_P1","IUCN",0.0375947853350837,0.154125179214053
