"study_id","cv_type","mean_cv_studylevel","sd_cv_studylevel","species_studyid","range_source","mean_cv_sppspecific","sd_cv_sppspecific"
"A190_P1","map_gVelEle",1.17770598247089,0.817288344381586,"Ciconia ciconia_A190_P1","IUCN",1.17559138119332,0.81400632015169
"A190_P1","map_gVelEle",1.17770598247089,0.817288344381586,"Ciconia ciconia_A190_P1","BOTW",1.17559138119332,0.81400632015169
"A190_P1","map_gVelLat",0.00429614632441613,0.0167346868686467,"Ciconia ciconia_A190_P1","IUCN",0.00430673866836222,0.0167160007940031
"A190_P1","map_gVelLat",0.00429614632441613,0.0167346868686467,"Ciconia ciconia_A190_P1","BOTW",0.00430673866836222,0.0167160007940031
"A190_P1","mat_gVelEle",3.46210321954424,0.0993013462623302,"Ciconia ciconia_A190_P1","IUCN",3.46205160424516,0.0992933858965667
"A190_P1","mat_gVelEle",3.46210321954424,0.0993013462623302,"Ciconia ciconia_A190_P1","BOTW",3.46205160424516,0.0992933858965667
"A190_P1","mat_gVelLat",-0.0204445140562262,0.0828903164075602,"Ciconia ciconia_A190_P1","IUCN",-0.0205146179098831,0.0828238626168376
"A190_P1","mat_gVelLat",-0.0204445140562262,0.0828903164075602,"Ciconia ciconia_A190_P1","BOTW",-0.0205146179098831,0.0828238626168376
