"study_id","cv_type","mean_cv_studylevel","sd_cv_studylevel","species_studyid","range_source","mean_cv_sppspecific","sd_cv_sppspecific"
"A102_P1","map_gVelEle",-39.0681917826335,8.60848504861204,"Abies kawakamii_A102_P1","GIFT",-38.5150650569371,8.65241131782954
"A102_P1","map_gVelLat",-0.0903589710593224,0.0376258615571407,"Abies kawakamii_A102_P1","GIFT",-0.0863695373492581,0.035602078949853
"A102_P1","mat_gVelEle",-0.254786240061124,0.0095998200151244,"Abies kawakamii_A102_P1","GIFT",-0.254702477582863,0.00995651401939161
"A102_P1","mat_gVelLat",0.000184787110386727,0.000202589219803197,"Abies kawakamii_A102_P1","GIFT",0.000178174784066089,0.00020855024984931
