"study_id","cv_type","mean_cv_studylevel","sd_cv_studylevel","species_studyid","range_source","mean_cv_sppspecific","sd_cv_sppspecific"
"A70_P1","sst_gVelLat",-0.927610860630372,3.6230102719907,"Caulerpa flexilis_A70_P1","GBIF occurrence",0.364881140350456,2.94246766326261
"A70_P1","sst_gVelLat",-0.927610860630372,3.6230102719907,"Caulerpa simpliciuscula_A70_P1","GBIF occurrence",0.303958594892174,3.0322446410703
"A70_P1","sst_gVelLat",-0.927610860630372,3.6230102719907,"Dictyopteris muelleri_A70_P1","GBIF occurrence",0.303958594892174,3.0322446410703
"A70_P1","sst_gVelLat",-0.927610860630372,3.6230102719907,"Euptilota articulata_A70_P1","GBIF occurrence",0.303958594892174,3.0322446410703
"A70_P1","sst_gVelLat",-0.927610860630372,3.6230102719907,"Plocamium preissianum_A70_P1","GBIF occurrence",0.154649526041208,2.92319249289271
"A70_P1","sst_gVelLat",-0.927610860630372,3.6230102719907,"Metamastophora flabellata_A70_P1","GBIF occurrence",0.303958594892174,3.0322446410703
