"study_id","cv_type","mean_cv_studylevel","sd_cv_studylevel","species_studyid","range_source","mean_cv_sppspecific","sd_cv_sppspecific","p10_cv_sppspecific","p90_cv_sppspecific"
"A237_P2","map_110km_gVelLat",-0.241465064741316,0.513984874912214,"Bombus alpinus_A237_P2","GBIF occurrence",-0.241465064741316,0.513984874912214,-0.900975108146667,0.56793749332428
"A237_P2","map_1km_gVelLat",-0.000216368814972271,0.0122277851668043,"Bombus alpinus_A237_P2","GBIF occurrence",-0.000374086866603773,0.0121401141526644,-0.0155786896124482,0.0147641541436315
"A237_P2","map_25km_gVelLat",-0.0351980712273092,0.24084034935582,"Bombus alpinus_A237_P2","GBIF occurrence",-0.0392517775377629,0.244189753662123,-0.371752041578293,0.26829332113266
"A237_P2","map_50km_gVelLat",-0.0531449606266594,0.388060396680382,"Bombus alpinus_A237_P2","GBIF occurrence",-0.0773234739820261,0.374447562021832,-0.459478065371513,0.330606424808502
"A237_P2","mat_110km_gVelLat",0.53638530416148,1.25061528746585,"Bombus alpinus_A237_P2","GBIF occurrence",0.53638530416148,1.25061528746585,-1.6228860616684,1.81815147399902
"A237_P2","mat_1km_gVelLat",0.00253809945313302,0.0426425020893556,"Bombus alpinus_A237_P2","GBIF occurrence",0.00177095442469089,0.0351759561538018,-0.0281580358743668,0.0313402481377125
"A237_P2","mat_25km_gVelLat",0.0214686044713562,0.325688157002473,"Bombus alpinus_A237_P2","GBIF occurrence",0.019074523542076,0.326596657591374,-0.406404465436935,0.405952170491219
"A237_P2","mat_50km_gVelLat",-0.0118045655670024,0.475658217324122,"Bombus alpinus_A237_P2","GBIF occurrence",-0.0245248844042761,0.475897130023725,-0.665138179063797,0.512202084064484
"A237_P2","mat_gVelEle_1km",90.7204773791654,106.190637389293,"Bombus alpinus_A237_P2","GBIF occurrence",91.2039190734278,106.503829880057,-2.47740223407745,261.996984863281
