"study_id","cv_type","mean_cv_studylevel","sd_cv_studylevel","species_studyid","range_source","mean_cv_sppspecific","sd_cv_sppspecific"
"A102_P6","map_gVelEle",0.407120780812369,0.065822197031449,"Abies kawakamii_A102_P6","GIFT",0.397018559277058,0.0624643230973625
"A102_P6","map_gVelLat",0.000395502675221198,0.00177828738582219,"Abies kawakamii_A102_P6","GIFT",0.000333589123329148,0.00189067076091403
"A102_P6","mat_gVelEle",1.58867809507582,0.0176231807290913,"Abies kawakamii_A102_P6","GIFT",1.58658374845982,0.0176019449989739
"A102_P6","mat_gVelLat",-0.00605606944817636,0.00149013838906203,"Abies kawakamii_A102_P6","GIFT",-0.00614311068784446,0.00156837561897826
