"study_id","cv_type","mean_cv_studylevel","sd_cv_studylevel","species_studyid","range_source","mean_cv_sppspecific","sd_cv_sppspecific"
"A186_P1","map_gVelEle",3.20657387356187,2.84514562115999,"Betula pubescens_A186_P1","GBIF occurrence",3.19725777685368,2.83876271170037
"A186_P1","map_gVelLat",-0.0132531279318395,0.0345056945349442,"Betula pubescens_A186_P1","GBIF occurrence",-0.0133170516005763,0.0344866067959597
"A186_P1","mat_gVelEle",1.26196132418774,0.22818168393441,"Betula pubescens_A186_P1","GBIF occurrence",1.26175340459105,0.228508079289879
"A186_P1","mat_gVelLat",0.0270401124760263,0.257380086367965,"Betula pubescens_A186_P1","GBIF occurrence",0.027142279413827,0.257781225416331
