"study_id","cv_type","mean_cv_studylevel","sd_cv_studylevel","species_studyid","range_source","mean_cv_sppspecific","sd_cv_sppspecific","p10_cv_sppspecific","p90_cv_sppspecific"
"A76_P2","map_110km_gVelLat",-1.96376464767633,8.43386573272396,"Ochotona princeps_A76_P2","IUCN",-0.914534726563622,10.6610460988941,-13.253465461731,8.87995901107788
"A76_P2","map_1km_gVelLat",-0.0183397286136367,0.635697093120707,"Ochotona princeps_A76_P2","IUCN",-0.0157406036847753,0.655052656104623,-0.724372565746307,0.647256731987
"A76_P2","map_25km_gVelLat",-0.834352297565678,4.3190553376648,"Ochotona princeps_A76_P2","IUCN",-0.490219873841852,4.38130835794931,-6.47347340583801,4.06808562278747
"A76_P2","map_50km_gVelLat",-0.991677114832632,5.25694094877425,"Ochotona princeps_A76_P2","IUCN",-0.0462138972777345,6.24879420346567,-8.30807876586914,6.55677962303162
"A76_P2","mat_110km_gVelLat",0.765977771298305,1.05023912534059,"Ochotona princeps_A76_P2","IUCN",0.582716939203879,1.06090969531777,-0.587217229604721,1.93701231479645
"A76_P2","mat_1km_gVelLat",0.0533692461375158,0.30703446307771,"Ochotona princeps_A76_P2","IUCN",0.0206195984822757,0.223098169220265,-0.0784585028886795,0.127578526735306
"A76_P2","mat_25km_gVelLat",0.0980881271752207,0.645901500108319,"Ochotona princeps_A76_P2","IUCN",-0.0739232757332502,0.559447629694828,-0.57688894867897,0.431014913320541
"A76_P2","mat_50km_gVelLat",0.383616865382148,0.861989345540304,"Ochotona princeps_A76_P2","IUCN",0.116862036989914,0.906770428680161,-0.671701729297638,1.3095029592514
"A76_P2","mat_gVelEle_1km",78.1568211027495,119.367218094785,"Ochotona princeps_A76_P2","IUCN",70.2046285611103,128.816742337416,-72.7529899597168,263.741061401367
