"study_id","cv_type","mean_cv_studylevel","sd_cv_studylevel","species_studyid","range_source","mean_cv_sppspecific","sd_cv_sppspecific"
"A76_P1","map_gVelEle",1.15850544101022,1.58841580239852,"Ochotona princeps_A76_P1","IUCN",1.47318680601738,1.65615672554995
"A76_P1","map_gVelLat",-0.00106931135512098,0.0260592169178065,"Ochotona princeps_A76_P1","IUCN",-0.000300965839784548,0.0218694080093427
"A76_P1","mat_gVelEle",1.40295781235435,0.334488815627983,"Ochotona princeps_A76_P1","IUCN",1.36102984056619,0.317067222744879
"A76_P1","mat_gVelLat",0.0261881334800137,0.121738582359008,"Ochotona princeps_A76_P1","IUCN",0.0170573382350605,0.103066963199499
