"study_id","cv_type","mean_cv_studylevel","sd_cv_studylevel","species_studyid","range_source","mean_cv_sppspecific","sd_cv_sppspecific"
"A174_P1","map_gVelEle",0.0217866096666861,0.806603515710898,"Urocitellus beldingi_A174_P1","IUCN",-0.00997239034240635,0.749663830530751
"A174_P1","map_gVelLat",0.000261214868341331,0.00526838437536113,"Urocitellus beldingi_A174_P1","IUCN",0.000182209334718315,0.00558708648527602
"A174_P1","mat_gVelEle",1.32971146040598,0.465572983370602,"Urocitellus beldingi_A174_P1","IUCN",1.31703363408579,0.519601445067691
"A174_P1","mat_gVelLat",0.00334736356596777,0.026686659523876,"Urocitellus beldingi_A174_P1","IUCN",0.00339018446613506,0.0300671275326392
