"study_id","cv_type","mean_cv_studylevel","sd_cv_studylevel","species_studyid","range_source","mean_cv_sppspecific","sd_cv_sppspecific"
"B747_P1","map_gVelEle",-5.77918802850968,3.17087347316933,"Telestes muticellus_B747_P1","IUCN",-5.77517022368277,3.16602995555203
"B747_P1","map_gVelEle",-5.77918802850968,3.17087347316933,"Squalius lucumonis_B747_P1","IUCN",-5.77517022368277,3.16602995555203
"B747_P1","map_gVelLat",0.00696644507781646,0.0658912337643781,"Telestes muticellus_B747_P1","IUCN",0.00693847784872926,0.0658464407916097
"B747_P1","map_gVelLat",0.00696644507781646,0.0658912337643781,"Squalius lucumonis_B747_P1","IUCN",0.00693847784872926,0.0658464407916097
"B747_P1","mat_gVelEle",5.33086486072478,0.210401640430055,"Telestes muticellus_B747_P1","IUCN",5.33106147252848,0.21023129294578
"B747_P1","mat_gVelEle",5.33086486072478,0.210401640430055,"Squalius lucumonis_B747_P1","IUCN",5.33106147252848,0.21023129294578
"B747_P1","mat_gVelLat",0.00916646272166701,0.108701366660889,"Telestes muticellus_B747_P1","IUCN",0.00921783764398598,0.108623382628404
"B747_P1","mat_gVelLat",0.00916646272166701,0.108701366660889,"Squalius lucumonis_B747_P1","IUCN",0.00921783764398598,0.108623382628404
