"study_id","cv_type","mean_cv_studylevel","sd_cv_studylevel","species_studyid","range_source","mean_cv_sppspecific","sd_cv_sppspecific"
"B747_P1","map_gVelEle",-5.7747621078136,3.16827719488273,"Telestes muticellus_B747_P1","IUCN",-5.77078709405839,3.16349941871918
"B747_P1","map_gVelEle",-5.7747621078136,3.16827719488273,"Squalius lucumonis_B747_P1","IUCN",-5.77078709405839,3.16349941871918
"B747_P1","map_gVelLat",0.00699107662395837,0.0658964143430896,"Telestes muticellus_B747_P1","IUCN",0.0069634221149833,0.0658515777971953
"B747_P1","map_gVelLat",0.00699107662395837,0.0658964143430896,"Squalius lucumonis_B747_P1","IUCN",0.0069634221149833,0.0658515777971953
"B747_P1","mat_gVelEle",5.32545482113512,0.203054129041537,"Telestes muticellus_B747_P1","IUCN",5.32563797588118,0.202879976965769
"B747_P1","mat_gVelEle",5.32545482113512,0.203054129041537,"Squalius lucumonis_B747_P1","IUCN",5.32563797588118,0.202879976965769
"B747_P1","mat_gVelLat",0.00903912865569087,0.107899579181364,"Telestes muticellus_B747_P1","IUCN",0.00909054125142789,0.107821306813804
"B747_P1","mat_gVelLat",0.00903912865569087,0.107899579181364,"Squalius lucumonis_B747_P1","IUCN",0.00909054125142789,0.107821306813804
