"study_id","cv_type","mean_cv_studylevel","sd_cv_studylevel","species_studyid","range_source","mean_cv_sppspecific","sd_cv_sppspecific"
"B489_P1","map_gVelEle",6.69876182079315,5.60067835627744,"Agoliinus lapponum_B489_P1","GBIF occurrence",6.69876182079315,5.60067835627744
"B489_P1","map_gVelLat",-0.0221048937659831,0.0296300597427724,"Agoliinus lapponum_B489_P1","GBIF occurrence",-0.0221048937659831,0.0296300597427724
"B489_P1","mat_gVelEle",3.50345486979331,0.060318464489785,"Agoliinus lapponum_B489_P1","GBIF occurrence",3.50345486979331,0.060318464489785
"B489_P1","mat_gVelLat",0.0133796932979397,0.0368566588349899,"Agoliinus lapponum_B489_P1","GBIF occurrence",0.0133796932979397,0.0368566588349899
